state,sex,age,weight_lbs,height_inch,bmi,marital,pregnant,children,education,employment,income,veteran,hispanic,health_general,health_physical,health_mental,health_poor,health_cover,provide_care,activity_limited,drink_any,drink_days,drink_average,smoke_100,smoke_days,smoke_stop,smoke_last,diet_fruit,diet_salad,diet_potato,diet_carrot,diet_vegetable,diet_juice
26,Female,49,190,64,32.68,Married,NA,0,6,2,35-50k,5,No,Good,3,15,2,Yes,No,Yes,No,NA,NA,No,NA,NA,NA,1095,261,104,156,521,12
40,Female,48,170,68,25.9,Divorced,NA,0,5,1,35-50k,5,No,Fair,4,30,3,Yes,No,No,No,NA,NA,No,NA,NA,NA,52,209,52,0,52,0
72,Female,55,163,64,28.04,Married,NA,0,4,5,<10k,5,Yes,Fair,0,0,NA,Yes,No,No,No,NA,NA,No,NA,NA,NA,36,156,52,24,24,24
42,Male,42,230,74,29.59,Married,NA,1,6,1,>75k,5,No,Excellent,0,0,NA,Yes,No,No,Yes,15,NA,No,NA,NA,NA,NA,NA,NA,NA,NA,NA
32,Female,66,135,62,24.74,Widowed,NA,0,5,1,50-75k,5,No,Excellent,0,0,NA,Yes,No,No,No,NA,NA,Yes,Everyday,Yes,NA,-7,261,209,261,365,104
19,Male,66,165,70,23.72,Married,NA,0,5,7,35-50k,3,No,Excellent,0,0,NA,Yes,No,No,No,NA,NA,No,NA,NA,NA,24,52,104,52,365,365
45,Male,37,150,68,22.86,Married,NA,3,6,2,>75k,5,No,VeryGood,0,0,NA,Yes,Yes,No,Yes,2,2,No,NA,NA,NA,52,156,24,24,730,104
56,Female,62,170,70,24.44,NeverMarried,NA,0,6,7,<10k,5,No,Poor,30,30,30,No,No,No,No,NA,NA,Yes,Not@All,NA,7,156,24,52,104,365,0
18,Male,38,146,70,20.99,Married,NA,2,4,1,50-75k,5,No,Poor,30,30,14,Yes,No,Yes,No,NA,NA,Yes,Everyday,Yes,NA,24,84,144,24,0,0
8,Female,42,260,73,34.37,Separated,No,3,5,3,15-20k,5,No,Good,0,20,4,Yes,No,NA,NA,NA,NA,Yes,Not@All,NA,5,NA,NA,NA,NA,NA,NA
55,Male,41,192,72,26.09,Married,NA,2,6,1,>75k,5,No,VeryGood,0,0,NA,Yes,No,No,Yes,4,2,No,NA,NA,NA,365,156,52,156,1095,261
48,Male,64,155,66,25.07,Divorced,NA,0,4,1,20-25k,3,No,VeryGood,0,2,0,Yes,No,No,Yes,3,5,Yes,Not@All,NA,7,104,52,104,0,24,12
26,Female,58,200,62,36.66,Married,NA,0,4,1,Refused,5,No,VeryGood,5,0,3,Yes,No,No,Yes,1,1,Yes,Not@All,NA,7,52,156,0,104,365,104
12,Female,85,166,NA,NA,Widowed,NA,0,3,5,10-15k,5,No,Fair,0,0,NA,Yes,No,No,No,NA,NA,No,NA,NA,NA,104,0,-7,-7,-7,52
48,Female,63,NA,67,NA,Divorced,NA,0,4,1,35-50k,5,No,Fair,0,30,0,Yes,No,Yes,No,NA,NA,Yes,Not@All,NA,6,104,24,36,12,156,24
31,Male,56,201,72,27.32,Married,NA,0,4,1,>75k,5,No,VeryGood,3,0,2,Yes,No,Yes,Yes,10,3,Yes,Not@All,NA,7,52,104,52,0,313,36
11,Male,52,170,70,24.44,Married,NA,0,4,2,>75k,5,No,VeryGood,3,0,0,Yes,Yes,No,Yes,9,2,Yes,Not@All,NA,7,12,52,0,365,1095,365
47,Male,70,175,73,23.14,Married,NA,0,6,1,>75k,5,No,Excellent,0,0,NA,No,No,No,Yes,9,1,No,NA,NA,NA,365,365,52,104,1095,365
9,Female,80,160,63,28.4,Divorced,NA,0,6,7,Dontknow,5,No,Good,1,0,0,Yes,No,Yes,Yes,15,1,Yes,Not@All,NA,7,730,156,0,156,261,365
48,Male,62,180,74,23.16,Married,NA,0,4,2,25-35k,5,No,Good,0,0,NA,Yes,No,No,Yes,1,3,Yes,Everyday,No,NA,52,52,261,0,365,0
23,Female,76,117,67,18.36,Widowed,NA,0,6,8,20-25k,5,No,Fair,8,-9,10,Yes,No,Yes,Yes,30,2,Yes,Not@All,NA,7,730,209,24,24,104,365
27,Male,61,200,71,27.95,Married,NA,0,5,4,50-75k,3,No,VeryGood,0,0,NA,Yes,Yes,No,No,NA,NA,No,NA,NA,NA,365,104,104,104,365,156
6,Female,81,160,64,27.52,Married,NA,0,4,5,25-35k,3,No,Good,6,0,0,Yes,Yes,No,Yes,30,1,NA,NA,NA,NA,-9,-9,-9,-9,-9,-9
35,Female,62,180,61,34.08,Married,NA,0,5,7,>75k,5,Yes,Good,2,0,0,No,No,No,Yes,2,1,No,NA,NA,NA,52,156,52,156,365,209
8,Female,9,155,64,26.66,Married,No,0,4,1,Refused,5,No,Fair,30,15,25,Yes,NA,Yes,Yes,2,1,No,NA,NA,NA,209,261,209,52,261,156
10,Female,59,300,64,51.6,Divorced,NA,0,2,8,20-25k,NA,No,Fair,25,20,30,Yes,No,Yes,No,NA,NA,Yes,Not@All,NA,7,12,3,104,0,261,104
8,Male,38,165,72,22.42,Married,NA,2,6,1,50-75k,5,No,VeryGood,28,4,15,Yes,No,Yes,No,NA,NA,Yes,Everyday,No,NA,365,209,365,209,365,730
53,Male,69,160,72,21.75,Married,NA,0,5,7,35-50k,5,No,Good,0,0,NA,Yes,No,No,Yes,13,1,Yes,Not@All,NA,7,365,365,156,365,365,365
53,Female,64,160,64,27.52,Married,NA,0,3,1,20-25k,5,No,Good,0,0,NA,Yes,No,No,No,NA,NA,Yes,Not@All,NA,5,209,-7,-7,52,730,156
40,Female,31,156,64,26.83,Separated,No,4,3,8,25-35k,5,No,Good,3,30,30,Yes,No,Yes,No,NA,NA,Yes,Not@All,NA,8,365,209,0,365,730,365
25,Male,64,300,74,38.6,Divorced,NA,0,4,7,20-25k,3,No,VeryGood,2,0,0,Yes,No,No,No,NA,NA,Yes,Not@All,NA,7,261,52,104,104,156,104
15,Female,62,135,65,22.51,Married,NA,0,4,7,35-50k,5,No,Excellent,0,0,NA,Yes,Yes,No,No,NA,NA,No,NA,NA,NA,365,730,0,209,1460,730
25,Female,66,150,67,23.54,Divorced,NA,0,6,7,25-35k,5,No,Fair,0,1,1,Yes,Yes,Yes,No,NA,NA,No,NA,NA,NA,730,104,104,12,365,365
6,Male,47,160,71,22.36,Married,NA,2,6,1,35-50k,5,No,Good,0,0,NA,Yes,No,No,No,NA,NA,No,NA,NA,NA,1460,24,24,36,365,104
40,Female,77,145,67,22.76,Divorced,NA,0,4,1,25-35k,5,No,Fair,0,0,NA,Yes,Yes,No,No,NA,NA,No,NA,NA,NA,52,52,52,104,52,0
56,Female,40,200,67,31.39,NeverMarried,No,0,5,1,35-50k,5,No,VeryGood,0,15,0,Yes,Yes,No,Yes,13,2,Yes,Everyday,Yes,NA,365,209,156,104,209,156
12,Male,63,300,70,43.14,Married,NA,0,5,2,25-35k,3,No,Fair,30,0,0,No,No,Yes,No,NA,NA,Yes,Not@All,NA,8,52,365,180,0,730,365
48,Male,41,180,65,30.02,NeverMarried,NA,0,4,1,15-20k,5,Yes,Good,0,0,NA,Yes,No,No,Yes,3,8,No,NA,NA,NA,261,156,156,300,156,261
19,Female,85,100,62,18.33,Widowed,NA,0,2,7,Dontknow,5,No,Good,0,0,NA,Yes,No,No,No,NA,NA,No,NA,NA,NA,365,365,104,12,365,365
21,Male,50,225,74,28.95,Married,NA,0,6,1,>75k,3,No,Excellent,0,0,NA,Yes,No,No,No,NA,NA,Yes,Not@All,NA,7,365,365,209,52,730,365
9,Female,52,128,66,20.7,Married,NA,1,6,4,>75k,5,No,Excellent,0,30,0,Yes,Yes,No,Yes,30,1,Yes,Not@All,NA,7,1095,365,12,48,730,0
22,Female,52,170,69,25.16,Married,NA,0,4,1,50-75k,5,No,Excellent,0,0,NA,Yes,No,No,Yes,15,1,No,NA,NA,NA,52,104,24,12,52,0
49,Female,81,118,58,24.71,Married,NA,0,6,7,>75k,5,No,Good,0,0,NA,Yes,No,No,No,NA,NA,No,NA,NA,NA,365,60,261,156,730,360
26,Female,56,270,66,43.67,Married,NA,0,4,1,35-50k,5,No,Fair,5,0,0,No,No,No,Yes,1,1,Yes,Not@All,NA,7,104,52,52,0,365,365
15,Female,75,200,65,33.35,Widowed,NA,0,4,7,15-20k,5,No,VeryGood,0,0,NA,Yes,No,No,No,NA,NA,No,NA,NA,NA,209,104,104,52,156,0
53,Male,29,190,73,25.12,NeverMarried,NA,0,6,2,Dontknow,5,No,Excellent,0,0,NA,Yes,No,No,No,NA,NA,No,NA,NA,NA,52,52,24,52,156,365
26,Male,54,241,71,33.68,Married,NA,0,5,1,>75k,3,No,VeryGood,2,20,1,Yes,No,No,Yes,2,1,No,NA,NA,NA,52,52,156,52,730,24
1,Female,68,225,63,39.94,Widowed,NA,0,4,7,20-25k,5,No,Fair,30,0,0,Yes,No,Yes,No,NA,NA,Yes,Not@All,NA,7,52,156,209,52,730,52
15,Female,79,110,58,23.04,Married,NA,0,4,7,Refused,5,No,Good,7,0,-7,Yes,No,No,No,NA,NA,No,NA,NA,NA,NA,NA,NA,NA,NA,NA
31,Male,50,175,73,23.14,Married,NA,3,5,1,35-50k,5,No,Good,2,0,1,Yes,Yes,No,Yes,17,1,No,NA,NA,NA,209,1,365,104,365,261
72,Female,85,118,61,22.34,Widowed,NA,0,4,5,10-15k,5,Yes,Good,0,0,NA,Yes,No,No,No,NA,NA,No,NA,NA,NA,730,365,52,365,730,365
26,Female,51,153,68,23.31,NeverMarried,NA,0,5,7,Refused,5,No,Refused,-9,-9,-9,Yes,No,NA,No,NA,NA,No,NA,NA,NA,6,3,5,0,10,0
56,Female,80,98,65,16.34,Married,NA,0,5,7,Dontknow,5,No,Fair,3,0,0,Yes,No,Yes,No,NA,NA,No,NA,NA,NA,-7,365,104,156,365,209
25,Male,57,208,70,29.91,NeverMarried,NA,0,5,1,35-50k,3,No,Good,7,30,0,Yes,No,No,Yes,4,2,Yes,Everyday,No,NA,156,0,52,52,156,156
6,Female,46,130,60,25.44,Married,NA,2,4,1,>75k,5,Yes,VeryGood,0,0,NA,Yes,Yes,No,Yes,1,1,No,NA,NA,NA,104,209,104,52,365,1095
37,Male,50,235,73,31.07,Married,NA,0,4,1,50-75k,5,No,Fair,0,0,NA,Yes,NA,No,Yes,1,1,Yes,Not@All,NA,7,156,12,24,-7,261,-7
42,Female,54,150,67,23.54,Married,NA,0,4,5,Refused,5,No,VeryGood,0,1,0,Yes,No,No,Yes,2,2,No,NA,NA,NA,209,313,156,104,365,365
54,Female,64,125,62,22.91,Married,NA,0,5,7,>75k,5,No,VeryGood,0,0,NA,Yes,No,No,No,NA,NA,Yes,Not@All,NA,4,52,365,209,156,365,365
53,Female,70,132,66,21.35,Widowed,NA,0,5,7,10-15k,5,No,VeryGood,1,0,0,Yes,Yes,No,Yes,4,1,Yes,Somedays,Yes,NA,365,209,261,24,365,52
22,Female,60,165,62,30.24,Married,NA,0,5,7,35-50k,5,No,VeryGood,2,0,2,Yes,Yes,Yes,No,NA,NA,No,NA,NA,NA,365,209,104,52,365,52
12,Female,43,NA,67,NA,Married,No,2,6,1,Refused,5,No,VeryGood,0,0,NA,Yes,No,No,No,NA,NA,No,NA,NA,NA,48,240,12,0,365,0
17,Female,50,170,63,30.18,Divorced,NA,1,5,1,50-75k,3,No,Good,0,5,0,Yes,No,Yes,Yes,2,1,No,NA,NA,NA,365,104,2,52,365,12
28,Female,72,190,64,32.68,Married,NA,0,5,7,35-50k,5,No,VeryGood,0,15,0,Yes,No,No,No,NA,NA,Yes,Not@All,NA,7,1095,365,52,52,730,0
20,Female,80,110,60,21.53,Divorced,NA,0,6,7,35-50k,5,No,VeryGood,0,0,NA,Yes,No,No,Yes,3,1,No,NA,NA,NA,365,156,104,104,1460,0
6,Female,80,133,61,25.18,Widowed,NA,0,6,5,10-15k,5,No,Good,1,0,0,Yes,No,Yes,No,NA,NA,No,NA,NA,NA,365,365,12,12,365,0
72,Female,31,160,62,29.33,UnmarriedCouple,No,3,5,3,15-20k,5,Yes,VeryGood,0,7,0,Yes,No,Yes,No,NA,NA,No,NA,NA,NA,365,365,52,0,104,52
41,Female,62,NA,64,NA,Married,NA,0,6,7,Refused,5,No,VeryGood,0,0,NA,Yes,Yes,No,Yes,25,1,No,NA,NA,NA,1095,365,52,365,365,156
29,Female,37,260,65,43.36,UnmarriedCouple,No,3,5,1,25-35k,5,No,Fair,5,30,5,Yes,Yes,Yes,No,NA,NA,No,NA,NA,NA,24,24,156,12,730,24
25,Female,64,285,64,49.02,Divorced,NA,0,5,8,10-15k,5,No,Poor,30,2,30,Yes,No,Yes,No,NA,NA,Yes,Not@All,NA,7,48,72,12,12,96,365
6,Male,82,175,68,26.66,Married,NA,0,6,7,35-50k,3,No,Good,0,0,NA,Yes,No,Yes,Yes,4,1,No,NA,NA,NA,1095,365,52,104,365,12
34,Female,85,105,62,19.24,Widowed,NA,0,5,7,25-35k,5,No,Good,0,0,NA,Yes,No,No,Yes,30,1,Yes,Not@All,NA,7,209,209,365,104,365,209
12,Female,79,195,57,42.29,Widowed,NA,0,2,7,15-20k,5,No,Good,0,0,NA,Yes,No,No,No,NA,NA,No,NA,NA,NA,730,365,104,156,365,0
24,Male,68,265,74,34.1,Divorced,NA,0,6,7,35-50k,4,No,Good,0,0,NA,Yes,No,No,Yes,15,1,Yes,Not@All,NA,7,209,261,209,52,365,209
6,Male,74,200,67,31.39,Married,NA,0,6,7,>75k,5,No,Poor,30,5,30,Yes,No,Yes,Yes,10,1,Yes,Not@All,NA,7,52,365,24,52,365,365
30,Female,69,193,61,36.54,Married,NA,2,4,7,20-25k,5,No,Good,-7,16,0,Yes,Yes,Yes,No,NA,NA,Yes,Not@All,NA,7,365,52,12,12,261,52
8,Female,66,140,61,26.51,Widowed,NA,0,4,7,35-50k,5,No,Good,0,0,NA,Yes,Yes,No,No,NA,NA,No,NA,NA,NA,156,156,156,156,365,6
20,Male,46,250,73,33.05,Married,NA,1,5,1,>75k,5,No,Excellent,0,0,NA,Yes,Yes,No,Yes,5,2,No,NA,NA,NA,104,365,52,52,365,156
53,Female,67,195,68,29.71,Married,NA,0,6,7,>75k,5,No,VeryGood,6,0,3,Yes,No,No,Yes,1,-7,No,NA,NA,NA,365,156,104,209,-7,1095
2,Female,38,145,64,24.94,Married,No,2,6,2,>75k,5,Yes,VeryGood,0,0,NA,No,No,No,Yes,15,-7,Yes,Not@All,NA,7,209,156,156,156,365,156
26,Female,82,NA,63,NA,Married,NA,0,4,5,Dontknow,5,No,Good,2,0,0,Yes,No,No,No,NA,NA,No,NA,NA,NA,365,365,0,365,365,0
25,Male,56,165,70,23.72,Divorced,NA,0,5,8,<10k,5,No,Fair,7,7,5,Yes,No,Yes,Yes,4,3,Yes,Somedays,Yes,NA,365,156,52,104,209,365
36,Male,33,189,65,31.52,NeverMarried,NA,3,6,3,35-50k,3,Yes,Good,2,15,7,Yes,No,No,Yes,20,6,No,NA,NA,NA,104,261,52,24,365,104
48,Female,23,140,71,19.57,Divorced,No,3,3,5,15-20k,5,Yes,VeryGood,0,0,NA,No,No,No,Yes,3,2,No,NA,NA,NA,52,104,156,52,730,365
13,Female,7,238,57,51.61,Widowed,No,2,4,8,15-20k,5,No,Fair,-7,-7,25,Yes,Yes,No,No,NA,NA,No,NA,NA,NA,52,-7,261,156,313,104
21,Female,52,185,68,28.19,Divorced,NA,0,3,8,10-15k,5,Yes,Poor,30,20,25,Yes,No,Yes,No,NA,NA,Yes,Not@All,NA,7,12,104,156,52,52,1095
50,Male,41,198,72,26.91,Married,NA,3,6,1,>75k,3,No,Excellent,0,0,NA,Yes,No,No,Yes,10,2,No,NA,NA,NA,365,104,104,52,365,365
1,Male,73,118,68,17.98,Divorced,NA,0,4,8,20-25k,5,No,Poor,-7,0,-7,Yes,No,Yes,Yes,30,-7,Yes,Everyday,Yes,NA,0,0,365,0,0,365
15,Male,65,242,68,36.87,NeverMarried,NA,1,6,7,25-35k,3,No,VeryGood,0,0,NA,Yes,No,No,Yes,3,2,No,NA,NA,NA,104,156,12,120,365,365
20,Female,51,200,66,32.35,Married,NA,1,5,1,Dontknow,5,No,Good,0,0,NA,Yes,Yes,No,No,NA,NA,Yes,Not@All,NA,5,156,156,12,104,104,365
44,Male,71,148,67,23.23,Married,NA,0,6,7,>75k,5,No,VeryGood,0,5,0,Yes,Yes,No,Yes,13,1,No,NA,NA,NA,209,365,104,52,1095,365
15,Female,75,NA,60,NA,Widowed,NA,0,5,7,Refused,5,No,Good,0,0,NA,Yes,No,No,No,NA,NA,No,NA,NA,NA,NA,NA,NA,NA,NA,NA
72,Female,65,NA,NA,NA,Divorced,NA,1,1,5,Dontknow,5,Yes,Fair,30,0,30,Yes,Yes,No,No,NA,NA,Yes,Not@All,NA,7,730,365,24,156,52,1460
9,Male,89,175,68,26.66,Married,NA,0,4,1,25-35k,3,No,Poor,0,0,NA,Yes,No,Yes,Yes,1,1,Yes,Not@All,NA,7,365,156,104,52,365,365
10,Female,55,169,68,25.75,NeverMarried,NA,0,3,7,15-20k,NA,Yes,Fair,12,0,12,Yes,No,Yes,No,NA,NA,Yes,Not@All,NA,7,730,365,52,52,730,104
27,Female,58,185,67,29.04,Married,NA,0,4,2,>75k,5,No,VeryGood,0,5,0,Yes,Yes,No,Yes,2,1,No,NA,NA,NA,365,104,52,104,730,52
39,Female,67,250,66,40.44,Married,NA,0,5,7,35-50k,5,No,Poor,20,0,30,Yes,No,Yes,No,NA,NA,No,NA,NA,NA,730,365,156,156,730,365
35,Male,72,190,70,27.32,Married,NA,0,5,7,>75k,3,No,Good,0,0,NA,Yes,No,Yes,Yes,17,2,Yes,Not@All,NA,7,365,261,36,24,209,104
15,Female,47,110,62,20.16,Married,NA,1,6,1,50-75k,5,No,Good,0,0,NA,Yes,No,No,No,NA,NA,No,NA,NA,NA,365,156,52,52,365,0
16,Female,62,150,65,25.01,Divorced,NA,0,4,1,50-75k,5,No,Excellent,0,0,NA,Yes,No,No,No,NA,NA,No,NA,NA,NA,365,209,52,52,156,365
38,Female,84,140,64,24.08,Widowed,NA,0,4,7,Refused,4,NA,Good,0,0,NA,Yes,No,No,Yes,1,1,NA,NA,NA,NA,1095,365,730,365,-7,1095
13,Male,67,170,68,25.9,Married,NA,0,6,7,25-35k,3,No,VeryGood,0,0,NA,Yes,No,Yes,Yes,30,1,No,NA,NA,NA,156,365,156,12,156,24
37,Male,37,184,68,28.04,Married,NA,1,6,1,50-75k,5,No,VeryGood,0,0,NA,Yes,Yes,No,Yes,4,3,No,NA,NA,NA,156,104,52,52,730,0
30,Male,62,165,67,25.9,Married,NA,0,4,8,Dontknow,5,No,Poor,20,10,20,No,NA,Yes,No,NA,NA,Yes,Somedays,Yes,NA,1095,730,1095,52,730,1095
27,Male,52,180,70,25.88,Divorced,NA,0,5,8,50-75k,5,No,Excellent,0,0,NA,No,Yes,No,Yes,-7,2,Yes,Everyday,No,NA,24,104,365,12,104,24
6,Female,59,160,62,29.33,Divorced,NA,0,6,3,Refused,5,No,VeryGood,0,2,0,Yes,Yes,No,No,NA,NA,Yes,Not@All,NA,6,730,209,24,209,365,24
46,Female,51,125,66,20.22,Widowed,NA,0,5,1,25-35k,4,No,Excellent,0,1,0,Yes,No,No,No,NA,NA,Yes,Everyday,No,NA,12,12,24,0,24,0
34,Female,61,150,67,23.54,Married,NA,0,5,2,50-75k,3,No,Excellent,0,0,NA,Yes,Yes,No,Yes,17,1,No,NA,NA,NA,2555,156,104,52,104,2555
27,Female,86,118,63,20.95,Widowed,NA,0,4,7,<10k,5,No,Poor,30,0,20,Yes,No,Yes,No,NA,NA,Yes,Somedays,Yes,NA,12,0,156,52,261,365
37,Female,68,125,62,22.91,Married,NA,0,6,5,50-75k,5,No,Excellent,0,0,NA,Yes,No,No,No,NA,NA,Yes,Not@All,NA,7,104,104,52,104,365,12
5,Male,58,140,68,21.33,Married,NA,0,3,2,20-25k,5,No,Fair,3,0,0,Yes,No,No,No,NA,NA,Yes,Not@All,NA,7,209,52,24,12,104,12
23,Male,59,410,72,55.72,Married,NA,0,4,7,25-35k,3,No,Good,0,0,NA,Yes,No,No,No,NA,NA,No,NA,NA,NA,52,156,156,12,365,261
49,Male,52,220,75,27.56,Married,NA,1,6,1,50-75k,5,No,VeryGood,0,2,0,Yes,Yes,No,No,NA,NA,No,NA,NA,NA,209,209,104,-7,313,104
41,Male,62,195,67,30.61,Divorced,NA,0,5,2,50-75k,5,No,Excellent,0,0,NA,No,No,No,No,NA,NA,Yes,Everyday,No,NA,365,-7,52,261,365,365
34,Female,39,180,65,30.02,Married,No,2,6,1,>75k,5,No,Excellent,0,0,NA,Yes,No,No,Yes,13,3,Yes,Not@All,NA,4,730,261,156,156,261,156
33,Male,61,208,64,35.78,Married,NA,0,6,1,50-75k,5,No,Good,0,0,NA,Yes,No,No,No,NA,NA,No,NA,NA,NA,52,156,104,52,1095,52
31,Female,86,113,63,20.06,Widowed,NA,0,3,7,10-15k,5,No,Fair,-7,0,0,Yes,No,Yes,No,NA,NA,No,NA,NA,NA,365,156,209,209,156,730
53,Female,59,195,67,30.61,NA,NA,0,4,8,25-35k,5,No,Fair,30,0,15,Yes,No,Yes,No,NA,NA,No,NA,NA,NA,1460,0,209,0,730,0
30,Male,32,135,65,22.51,Separated,NA,1,4,2,10-15k,5,NA,Good,0,0,NA,No,No,No,Yes,8,7,Yes,Everyday,No,NA,52,156,156,52,365,104
46,Female,97,125,63,22.19,Widowed,NA,0,4,7,Dontknow,5,No,Good,0,0,NA,Yes,No,Yes,No,NA,NA,No,NA,NA,NA,365,209,261,156,730,104
48,Male,83,222,72,30.17,Married,NA,0,5,7,15-20k,3,No,Fair,1,0,30,Yes,Yes,Yes,No,NA,NA,Yes,Not@All,NA,7,365,156,156,0,1095,365
9,Male,45,140,70,20.13,Married,NA,2,6,4,15-20k,5,No,Fair,0,-7,0,No,No,Yes,Yes,1,1,Yes,Everyday,Yes,NA,60,96,521,24,180,5
24,Female,69,140,65,23.35,Married,NA,0,6,7,Refused,5,No,Excellent,0,0,NA,Yes,No,No,No,NA,NA,No,NA,NA,NA,156,209,12,104,365,209
18,Male,9,185,74,23.8,Married,NA,0,4,2,Refused,5,No,Good,0,0,NA,Yes,No,No,No,NA,NA,No,NA,NA,NA,730,52,104,52,156,365
49,Male,25,218,70,31.35,Married,NA,2,4,1,35-50k,5,No,VeryGood,2,0,0,Yes,No,No,No,NA,NA,No,NA,NA,NA,24,36,156,24,365,24
12,Female,87,175,65,29.18,Widowed,NA,0,4,7,Dontknow,5,No,Poor,15,20,0,No,No,No,No,NA,NA,No,NA,NA,NA,24,104,180,24,730,1095
25,Male,51,260,73,34.37,Married,NA,0,4,2,Refused,5,No,Good,2,0,0,Yes,Yes,NA,Yes,-9,-9,Yes,Somedays,Yes,NA,156,156,104,156,365,156
22,Female,73,212,64,36.47,Divorced,NA,0,6,7,15-20k,5,No,Good,0,0,NA,Yes,No,No,No,NA,NA,No,NA,NA,NA,52,156,104,52,261,52
31,Female,57,230,67,36.1,NeverMarried,NA,0,4,1,25-35k,5,No,Good,7,5,0,Yes,No,Yes,Yes,1,1,Yes,Everyday,No,NA,156,12,104,12,156,52
34,Male,78,208,68,31.69,Married,NA,0,4,7,35-50k,3,No,Poor,0,0,NA,Yes,No,No,Yes,30,4,Yes,Not@All,NA,8,-7,104,730,104,-7,52
21,Female,78,160,63,28.4,Divorced,NA,0,4,1,25-35k,5,No,Good,15,0,10,Yes,No,No,No,NA,NA,No,NA,NA,NA,156,156,104,104,365,-9
34,Male,71,179,69,26.49,NeverMarried,NA,0,4,7,Dontknow,5,No,VeryGood,0,0,NA,Yes,No,No,No,NA,NA,No,NA,NA,NA,365,365,52,24,365,52
12,Male,92,175,64,30.1,Widowed,NA,0,3,7,25-35k,3,No,Good,0,0,NA,Yes,No,No,Yes,30,1,No,NA,NA,NA,12,365,261,52,261,730
34,Female,59,NA,66,NA,Married,NA,0,NA,1,Refused,5,No,Excellent,0,0,NA,Yes,No,No,NA,NA,NA,Yes,Not@All,NA,7,NA,NA,NA,NA,NA,NA
28,Female,50,180,62,32.99,Married,NA,0,4,1,25-35k,5,No,Good,0,0,NA,Yes,Yes,No,No,NA,NA,Yes,Everyday,Yes,NA,365,156,365,52,365,365
1,Female,53,140,65,23.35,Married,NA,0,6,1,50-75k,5,No,VeryGood,0,0,NA,Yes,Yes,No,No,NA,NA,No,NA,NA,NA,365,209,2,209,365,104
35,Female,34,160,67,25.11,NeverMarried,No,1,5,1,25-35k,5,No,Excellent,0,0,NA,Yes,No,No,Yes,1,1,Yes,Not@All,NA,5,NA,NA,NA,NA,NA,NA
39,Female,57,178,66,28.79,Married,NA,2,2,5,Dontknow,5,Yes,VeryGood,1,2,0,Yes,No,Yes,No,NA,NA,No,NA,NA,NA,365,365,156,365,730,365
11,Female,57,196,69,29,NeverMarried,NA,0,6,4,>75k,5,No,Excellent,2,0,0,Yes,No,No,Yes,-7,2,Yes,Not@All,NA,8,209,209,24,24,365,365
34,Male,50,210,68,32,Married,NA,3,4,1,25-35k,4,Yes,Excellent,1,7,4,Yes,Yes,No,Yes,7,3,No,NA,NA,NA,209,261,104,36,365,156
24,Female,34,123,62,22.54,Married,No,2,6,1,>75k,5,No,Excellent,0,0,NA,Yes,No,No,Yes,21,1,Yes,Not@All,NA,7,365,261,24,209,1460,0
6,Female,58,164,60,32.1,Married,NA,0,2,5,<10k,5,Yes,Fair,15,0,15,Yes,No,No,No,NA,NA,No,NA,NA,NA,1095,365,156,156,365,365
25,Male,70,165,66,26.69,Married,NA,0,2,7,35-50k,3,No,Fair,0,0,NA,No,No,No,No,NA,NA,Yes,Not@All,NA,7,52,156,209,12,261,365
44,Female,75,145,68,22.09,Widowed,NA,0,6,1,50-75k,5,No,Excellent,0,0,NA,Yes,No,No,No,NA,NA,No,NA,NA,NA,156,261,0,209,156,365
37,Female,70,170,59,34.41,Widowed,NA,0,5,7,15-20k,5,No,Good,2,-7,0,Yes,No,No,No,NA,NA,Yes,Not@All,NA,5,156,156,209,104,730,156
35,Female,45,180,62,32.99,Divorced,NA,0,5,1,>75k,5,Yes,VeryGood,0,0,NA,Yes,No,Yes,Yes,1,1,No,NA,NA,NA,730,156,24,12,24,12
49,Female,54,170,62,31.16,Married,NA,4,5,5,50-75k,5,No,Good,2,2,0,Yes,Yes,No,No,NA,NA,Yes,Everyday,Yes,NA,365,36,5,0,365,12
32,Female,42,143,67,22.44,NeverMarried,No,0,5,1,50-75k,5,No,Excellent,0,0,NA,No,No,No,No,NA,NA,Yes,Not@All,NA,7,209,261,0,365,156,0
45,Female,54,104,65,17.34,Divorced,NA,0,6,2,Refused,5,No,Good,0,0,NA,Yes,Yes,Yes,Yes,1,1,Yes,Everyday,No,NA,730,365,25,313,1095,6
49,Male,62,225,68,34.28,Married,NA,0,4,1,50-75k,5,No,Good,2,0,1,Yes,No,No,No,NA,NA,No,NA,NA,NA,12,52,24,12,365,52
6,Female,23,130,63,23.08,Married,No,1,4,5,50-75k,5,No,VeryGood,0,0,NA,Yes,No,No,Yes,2,3,No,NA,NA,NA,156,52,52,0,730,52
44,Female,49,180,63,31.95,Divorced,NA,0,4,8,<10k,5,No,Poor,30,30,-7,Yes,Yes,Yes,No,NA,NA,Yes,Everyday,Yes,NA,104,209,12,0,156,0
28,Female,77,138,64,23.74,Widowed,NA,0,4,7,Dontknow,5,No,Fair,4,0,0,Yes,No,No,No,NA,NA,No,NA,NA,NA,104,104,104,36,209,24
66,Female,27,140,63,24.85,UnmarriedCouple,No,1,4,3,Dontknow,5,No,Good,0,3,5,Yes,No,No,No,NA,NA,No,NA,NA,NA,365,52,0,156,365,104
12,Male,83,155,68,23.62,Widowed,NA,0,2,7,10-15k,5,No,Excellent,0,0,NA,Yes,No,Yes,Yes,30,3,Yes,Not@All,NA,7,156,365,24,48,-7,365
31,Male,80,194,68,29.56,NeverMarried,NA,0,6,7,35-50k,3,No,Good,1,0,0,Yes,No,No,No,NA,NA,Yes,Not@All,NA,7,365,0,0,365,365,0
28,Male,46,170,68,25.9,Married,NA,2,6,7,>75k,5,No,VeryGood,1,0,0,Yes,No,No,No,NA,NA,Yes,Not@All,NA,7,156,12,104,104,1825,365
39,Male,49,255,72,34.66,Married,NA,0,4,4,35-50k,5,No,Good,0,0,NA,Yes,No,No,Yes,1,4,Yes,Not@All,NA,7,104,156,12,52,365,0
50,Male,21,255,74,32.81,UnmarriedCouple,NA,0,4,1,35-50k,5,No,Excellent,0,0,NA,No,No,No,Yes,20,9,Yes,Everyday,Yes,NA,365,52,36,36,365,156
6,Female,57,110,64,18.92,Married,NA,0,4,1,50-75k,5,No,VeryGood,2,5,1,Yes,No,No,Yes,17,2,Yes,Not@All,NA,7,156,156,156,52,209,104
48,Female,59,160,66,25.88,Married,NA,0,6,1,>75k,5,No,VeryGood,0,0,NA,Yes,No,No,Yes,4,1,No,NA,NA,NA,730,365,12,12,1095,12
54,Male,64,200,72,27.18,Married,NA,0,6,1,>75k,5,No,VeryGood,0,0,NA,Yes,No,No,No,NA,NA,No,NA,NA,NA,365,365,156,104,730,365
42,Female,60,140,64,24.08,Divorced,NA,0,6,1,35-50k,5,No,Excellent,0,0,NA,Yes,Yes,No,Yes,2,1,No,NA,NA,NA,261,156,52,156,365,52
41,Female,56,160,66,25.88,Widowed,NA,1,6,2,25-35k,5,No,Good,0,0,NA,Yes,No,No,Yes,2,1,Yes,Everyday,No,NA,730,48,104,52,365,24
15,Male,52,170,68,25.9,Married,NA,0,6,1,>75k,1,No,Excellent,0,0,NA,Yes,No,No,No,NA,NA,No,NA,NA,NA,1095,730,52,209,1460,365
9,Female,83,144,65,24.01,Widowed,NA,0,4,7,10-15k,5,No,VeryGood,0,0,NA,Yes,No,No,No,NA,NA,No,NA,NA,NA,730,365,156,72,730,156
5,Female,55,195,65,32.52,Married,NA,0,4,1,20-25k,5,No,Good,4,0,0,Yes,Yes,No,No,NA,NA,Yes,Not@All,NA,7,365,156,12,52,365,104
48,Female,44,195,62,35.74,Divorced,No,1,2,8,10-15k,5,Yes,Poor,8,7,2,Yes,Yes,Yes,No,NA,NA,No,NA,NA,NA,104,12,36,36,365,104
30,Female,80,212,62,38.86,Widowed,NA,0,2,5,<10k,2,No,Fair,10,2,0,Yes,No,Yes,No,NA,NA,Yes,Not@All,NA,7,52,156,52,156,104,365
11,Male,22,150,66,24.26,NeverMarried,NA,0,4,1,25-35k,5,Yes,Excellent,3,0,0,No,No,No,Yes,4,6,No,NA,NA,NA,120,36,48,48,60,730
8,Male,64,245,65,40.86,Married,NA,0,4,7,>75k,4,No,Good,0,0,NA,Yes,Yes,No,Yes,2,2,Yes,Not@All,NA,7,52,156,24,24,156,-7
56,Male,59,170,69,25.16,Married,NA,0,6,1,>75k,5,No,Excellent,0,0,NA,Yes,No,Yes,Yes,21,2,Yes,Not@All,NA,5,156,104,52,24,365,52
15,Female,33,190,65,31.68,UnmarriedCouple,Yes,2,4,1,50-75k,5,No,Excellent,0,0,NA,Yes,No,No,No,NA,NA,Yes,Not@All,NA,4,365,156,12,52,365,365
39,Female,62,150,68,22.86,Married,NA,0,4,8,35-50k,5,No,Poor,30,20,0,No,Yes,Yes,No,NA,NA,No,NA,NA,NA,24,52,209,0,365,730
45,Male,44,300,65,50.03,NeverMarried,NA,0,5,1,20-25k,5,No,Fair,5,15,0,Yes,Yes,No,Yes,20,1,No,NA,NA,NA,52,104,12,12,52,52
12,Female,37,118,64,20.3,NeverMarried,No,1,3,4,10-15k,5,No,Fair,-7,30,0,Yes,No,No,No,NA,NA,Yes,Everyday,Yes,NA,156,60,156,0,365,52
1,Female,65,125,63,22.19,Married,NA,0,6,7,25-35k,5,No,Excellent,0,5,0,Yes,No,No,No,NA,NA,No,NA,NA,NA,261,261,261,156,365,209
31,Female,47,240,62,43.99,Married,NA,0,4,1,35-50k,5,No,Fair,0,0,NA,Yes,No,Yes,No,NA,NA,No,NA,NA,NA,730,365,209,24,730,3
42,Male,72,151,65,25.18,Married,NA,0,4,7,35-50k,3,No,Good,0,0,NA,Yes,No,Yes,Yes,4,3,Yes,Not@All,NA,6,365,104,365,-7,730,180
49,Female,50,223,70,32.06,Married,NA,2,4,1,50-75k,5,No,VeryGood,3,0,0,Yes,No,Yes,No,NA,NA,No,NA,NA,NA,730,209,52,52,52,0
29,Female,56,270,70,38.82,Married,NA,0,6,1,Refused,5,No,Good,5,1,1,Yes,No,No,Yes,8,2,Yes,Not@All,NA,7,104,104,24,24,156,52
37,Female,59,230,67,36.1,Widowed,NA,0,5,4,Dontknow,NA,Yes,Good,3,1,0,Yes,Yes,Yes,Yes,1,2,Yes,Not@All,NA,6,261,156,36,24,209,156
39,Female,48,158,67,24.8,Married,NA,2,6,1,>75k,5,No,VeryGood,7,0,2,Yes,No,No,No,NA,NA,No,NA,NA,NA,365,104,104,156,313,48
34,Male,59,205,68,31.24,NeverMarried,NA,0,4,1,50-75k,3,No,Good,0,2,0,Yes,Yes,No,No,NA,NA,Yes,Everyday,Yes,NA,52,24,12,24,209,1095
8,Male,56,180,72,24.46,NeverMarried,NA,0,4,4,25-35k,5,No,Good,0,0,NA,No,No,Yes,Yes,15,2,Yes,Not@All,NA,7,261,156,48,10,365,24
49,Female,64,175,66,28.3,Divorced,NA,0,5,8,10-15k,5,No,Fair,0,30,30,Yes,No,Yes,No,NA,NA,No,NA,NA,NA,NA,NA,NA,NA,NA,NA
23,Female,40,150,69,22.2,Divorced,No,0,5,1,50-75k,5,No,Excellent,0,30,0,Yes,No,No,Yes,9,1,Yes,Not@All,NA,4,365,365,52,365,730,104
19,Female,50,NA,64,NA,Married,NA,0,4,1,35-50k,5,No,VeryGood,1,1,0,Yes,Yes,No,Yes,1,1,No,NA,NA,NA,365,261,104,24,730,24
48,Male,48,175,68,26.66,NeverMarried,NA,0,5,4,<10k,4,No,VeryGood,0,0,NA,No,No,No,Yes,21,3,Yes,Not@All,NA,6,730,156,730,48,730,313
25,Female,45,220,67,34.53,Married,NA,0,4,1,Dontknow,5,No,Good,7,0,0,Yes,No,No,Yes,4,4,No,NA,NA,NA,730,24,156,24,156,365
35,Female,54,190,68,28.95,Married,NA,0,6,7,50-75k,5,No,Excellent,20,0,0,Yes,No,No,No,NA,NA,No,NA,NA,NA,730,52,24,365,1095,365
18,Male,88,186,69,27.52,Married,NA,0,6,7,>75k,3,No,VeryGood,0,0,NA,Yes,No,No,Yes,4,1,Yes,Not@All,NA,7,1095,730,261,156,1095,365
47,Male,34,150,67,23.54,Married,NA,0,5,2,20-25k,5,No,Excellent,0,0,NA,Yes,Yes,No,No,NA,NA,Yes,Not@All,NA,8,365,52,0,156,156,365
50,Female,54,130,67,20.4,Divorced,NA,0,5,1,20-25k,5,No,Good,1,1,1,Yes,No,No,No,NA,NA,Yes,Everyday,No,NA,12,12,24,24,52,12
9,Female,60,135,64,23.22,Married,NA,0,6,1,>75k,5,No,Good,5,2,0,Yes,Yes,No,No,NA,NA,No,NA,NA,NA,1095,48,24,48,730,104
51,Female,59,107,58,22.41,Married,NA,0,6,2,>75k,5,No,Excellent,0,0,NA,Yes,No,No,No,NA,NA,No,NA,NA,NA,730,209,104,365,365,104
45,Female,75,175,62,32.07,Married,NA,0,3,8,20-25k,5,No,Fair,7,0,30,Yes,Yes,Yes,No,NA,NA,No,NA,NA,NA,365,12,52,12,365,365
72,Male,28,160,65,26.68,UnmarriedCouple,NA,0,4,1,10-15k,5,Yes,Good,1,0,0,No,Yes,No,No,NA,NA,No,NA,NA,NA,730,156,0,0,24,365
20,Male,80,180,72,24.46,Married,NA,0,5,7,15-20k,5,No,Poor,30,15,30,Yes,No,Yes,Yes,30,2,Yes,Not@All,NA,5,365,365,120,36,365,365
34,Male,64,215,70,30.91,Widowed,NA,0,4,7,50-75k,5,No,Excellent,0,2,0,Yes,No,No,Yes,5,2,Yes,Not@All,NA,7,365,104,261,104,365,104
36,Female,41,210,68,32,Divorced,No,0,5,1,35-50k,5,No,Good,30,2,0,Yes,Yes,Yes,Yes,9,2,Yes,Everyday,Yes,NA,156,209,104,52,261,730
28,Male,69,205,71,28.65,Widowed,NA,0,5,1,>75k,5,No,Excellent,0,0,NA,Yes,No,No,Yes,12,2,No,NA,NA,NA,104,209,0,0,626,52
25,Female,37,NA,61,NA,Married,No,1,5,4,35-50k,5,No,Good,0,-7,0,No,No,No,No,NA,NA,Yes,Not@All,NA,5,52,0,209,0,0,156
38,Male,66,145,69,21.46,Married,NA,0,6,2,>75k,5,No,Excellent,0,0,NA,Yes,Yes,No,Yes,17,1,Yes,Not@All,NA,7,365,365,261,365,365,365
56,Female,61,125,60,24.46,Married,NA,0,5,1,35-50k,5,No,Good,-9,0,0,Yes,No,Yes,No,NA,NA,No,NA,NA,NA,156,104,209,313,730,156
21,Female,54,184,64,31.65,Widowed,NA,0,4,1,<10k,5,No,VeryGood,7,0,0,No,No,No,Yes,4,1,No,NA,NA,NA,104,156,12,6,730,-7
53,Female,88,110,63,19.53,Married,NA,0,6,7,Refused,5,No,VeryGood,0,0,NA,Yes,Yes,No,No,NA,NA,No,NA,NA,NA,36,48,156,48,730,365
6,Male,45,195,70,28.04,Married,NA,2,6,1,>75k,5,No,Good,0,0,NA,Yes,No,No,Yes,9,4,No,NA,NA,NA,104,12,24,104,730,1460
50,Female,26,140,66,22.64,NeverMarried,No,0,6,1,25-35k,5,No,VeryGood,0,0,NA,Yes,No,No,No,NA,NA,No,NA,NA,NA,730,156,52,12,730,365
42,Female,27,117,67,18.36,Married,No,2,6,5,>75k,5,No,VeryGood,0,0,NA,Yes,Yes,No,Yes,9,1,Yes,Not@All,NA,7,730,156,156,104,365,365
6,Female,68,148,64,25.46,Divorced,NA,0,4,1,35-50k,5,No,Fair,14,0,14,Yes,Yes,Yes,Yes,1,2,Yes,Not@All,NA,7,209,104,24,12,156,0
30,Female,84,165,64,28.38,Widowed,NA,0,5,7,25-35k,5,No,Fair,10,0,-9,Yes,No,Yes,No,NA,NA,No,NA,NA,NA,365,365,-7,156,365,1095
45,Female,43,180,65,30.02,Married,No,3,6,5,>75k,5,No,Excellent,3,0,3,Yes,No,No,No,NA,NA,Yes,Not@All,NA,7,313,261,24,52,-7,12
12,Male,61,183,69,27.08,Divorced,NA,0,5,8,Refused,3,No,Poor,30,0,30,Yes,No,Yes,Yes,30,1,Yes,Not@All,NA,7,365,209,261,209,730,104
28,Male,20,195,71,27.25,Married,NA,0,4,1,20-25k,5,No,Good,0,5,0,No,No,No,Yes,1,1,Yes,Not@All,NA,3,156,0,24,0,156,52
53,Male,69,152,72,20.66,Widowed,NA,0,5,7,50-75k,5,No,Good,0,0,NA,Yes,No,No,No,NA,NA,Yes,Somedays,No,NA,365,104,52,365,730,365
39,Female,29,113,65,18.84,Married,No,1,6,1,>75k,5,No,Excellent,0,1,0,Yes,No,No,Yes,1,1,Yes,Not@All,NA,6,261,261,104,52,365,209
31,Female,87,117,63,20.77,Widowed,NA,0,4,7,50-75k,5,No,VeryGood,2,0,0,Yes,No,No,No,NA,NA,No,NA,NA,NA,365,24,156,52,261,156
31,Male,75,148,66,23.94,Married,NA,0,6,7,35-50k,3,No,Good,0,0,NA,Yes,No,No,Yes,13,1,Yes,Not@All,NA,7,52,24,104,52,156,156
21,Female,69,128,65,21.34,Married,NA,0,4,4,10-15k,5,No,Poor,30,30,30,Yes,Yes,Yes,No,NA,NA,Yes,Not@All,NA,5,1095,209,209,0,730,365
31,Female,57,157,61,29.73,NeverMarried,NA,0,2,1,<10k,5,Yes,Fair,0,0,NA,No,No,No,No,NA,NA,No,NA,NA,NA,156,52,52,52,104,0
53,Female,90,96,69,14.21,Widowed,NA,0,4,7,Refused,5,No,Poor,30,30,30,Yes,No,Yes,No,NA,NA,Yes,Not@All,NA,7,0,365,-7,-7,-7,0
9,Male,70,175,68,26.66,Married,NA,0,3,7,Dontknow,3,No,Refused,0,0,NA,Yes,No,Yes,Yes,30,1,Yes,Not@All,NA,7,209,156,52,-7,365,209
22,Female,66,141,61,26.7,Divorced,NA,0,6,1,50-75k,5,No,Good,0,5,0,Yes,No,No,No,NA,NA,No,NA,NA,NA,365,156,52,12,365,52
56,Male,58,250,68,38.09,Married,NA,0,5,1,>75k,5,No,Good,5,0,1,Yes,Yes,No,No,NA,NA,No,NA,NA,NA,365,52,261,156,365,209
41,Female,31,151,67,23.7,Married,No,2,4,3,15-20k,5,No,Fair,4,30,0,No,No,Yes,No,NA,NA,No,NA,NA,NA,1095,156,104,156,730,730
22,Female,88,127,61,24.05,Widowed,NA,0,5,7,15-20k,5,No,Good,30,0,0,Yes,No,Yes,Yes,1,1,Yes,Not@All,NA,7,730,365,104,24,365,365
11,Female,31,125,68,19.05,Married,No,0,6,1,>75k,5,No,VeryGood,0,0,NA,Yes,No,No,Yes,21,1,No,NA,NA,NA,24,52,12,52,730,52
25,Female,57,120,64,20.64,NeverMarried,NA,0,6,8,10-15k,5,No,Good,-7,-7,-7,Yes,No,Yes,Yes,-7,1,Yes,Not@All,NA,7,209,365,104,365,365,156
32,Male,66,170,70,24.44,Married,NA,0,6,7,25-35k,3,No,Good,3,0,7,Yes,No,Yes,Yes,15,1,No,NA,NA,NA,365,209,156,104,365,24
34,Female,43,200,67,31.39,Married,No,2,4,1,>75k,5,No,Good,30,2,30,Yes,No,Yes,No,NA,NA,Yes,Somedays,Yes,NA,156,209,52,156,209,0
29,Female,67,223,67,35,Married,NA,0,3,7,35-50k,5,No,Fair,14,0,0,Yes,No,No,No,NA,NA,Yes,Everyday,No,NA,NA,NA,NA,NA,NA,NA
34,Female,77,160,68,24.38,Married,NA,0,6,7,Refused,3,No,Good,0,0,NA,Yes,Yes,No,Yes,5,-7,No,NA,NA,NA,12,36,156,156,365,52
12,Female,32,150,60,29.36,Married,Yes,1,6,2,>75k,5,Yes,Excellent,0,0,NA,Yes,No,No,No,NA,NA,No,NA,NA,NA,730,52,104,0,365,0
47,Male,65,NA,69,NA,Divorced,NA,0,4,7,10-15k,5,No,Good,0,0,NA,Yes,No,Yes,No,NA,NA,Yes,Everyday,Yes,NA,365,365,365,365,365,365
45,Female,77,130,62,23.83,Widowed,NA,0,4,7,35-50k,5,No,Poor,30,0,30,Yes,No,Yes,No,NA,NA,No,NA,NA,NA,365,365,104,104,365,52
1,Female,54,135,61,25.56,Married,NA,0,5,1,20-25k,5,No,Good,0,0,NA,Yes,Yes,No,No,NA,NA,No,NA,NA,NA,104,209,104,24,1095,104
51,Female,79,175,62,32.07,Married,NA,0,3,7,20-25k,5,No,Good,0,0,NA,Yes,No,No,No,NA,NA,No,NA,NA,NA,365,104,104,209,365,365
8,Female,58,200,69,29.6,Widowed,NA,0,5,7,25-35k,5,No,Good,0,0,NA,Yes,No,No,Yes,1,1,No,NA,NA,NA,156,209,52,52,365,24
25,Male,70,195,69,28.86,Widowed,NA,0,5,1,>75k,3,No,VeryGood,2,4,0,Yes,Yes,No,Yes,3,1,Yes,Not@All,NA,7,209,36,104,156,156,156
20,Male,78,145,66,23.45,Divorced,NA,0,6,7,20-25k,3,No,Good,3,0,0,Yes,No,Yes,No,NA,NA,No,NA,NA,NA,12,365,156,52,365,156
10,Female,79,144,63,25.56,Widowed,NA,0,4,7,10-15k,2,No,Fair,5,1,0,Yes,Yes,No,No,NA,NA,No,NA,NA,NA,-7,-7,-7,-7,-7,-7
46,Male,45,170,74,21.87,Divorced,NA,2,4,1,15-20k,5,No,VeryGood,0,0,NA,No,No,No,Yes,30,3,No,NA,NA,NA,52,52,52,24,52,24
15,Male,62,175,71,24.46,Divorced,NA,0,6,2,35-50k,5,No,Excellent,0,0,NA,Yes,No,No,Yes,10,2,Yes,Not@All,NA,7,365,156,104,52,730,365
34,Female,62,138,64,23.74,Married,NA,0,4,1,20-25k,5,No,Fair,2,5,0,No,Yes,No,Yes,1,1,Yes,Everyday,No,NA,730,0,24,156,104,0
18,Male,9,200,70,28.76,Married,NA,0,4,7,Dontknow,3,No,Good,0,0,NA,Yes,No,No,Yes,-7,-7,Yes,Not@All,NA,7,52,104,52,0,104,104
